glacier name,lat,lon,1952,1953,1954,1955,1956,1957,1958,1959,1960,1961,1962,1963,1964,1965,1966,1967,1968,1969,1970,1971,1972,1973,1974,1975,1976,1977,1978,1979,1980,1981,1982,1983,1984,1985,1986,1987,1988,1989,1990,1991,1992,1993,1994,1995,1996,1997,1998,1999,2000,2001,2002,2003,2004,2005,2006,2007,2008,2009,2010,2011,2012,2013,2014
Leviy Aktru,50.08,87.72,-0.039076131,-0.387147995,0.407494472,-0.742612311,0.167911729,-0.152998702,0.394101598,-0.202603302,0.327842577,0.737740563,-1.026609423,-0.352960824,-0.419079727,-0.501221991,-0.352089394,0.295574963,-0.142776695,0.211342436,0.118478511,0.411796085,0.014239948,0.195529467,-0.626136727,0.005224789,-0.102398737,-0.221271828,-0.287114085,-0.379164647,-0.303613183,-0.413878783,-0.248506279,0.184364533,0.576873109,-0.037337963,0.181343914,0.110201475,-0.135936548,-0.266315524,-0.54044874,-0.771590132,0.401564015,0.401528574,-0.279454562,-0.009974036,-0.096803568,-0.649546535,-1.269755067,-0.719212719,-0.323567197,-0.450090659,-0.681402686,-0.609157526,-0.499468446,-0.200644552,-0.230936105,-0.283458975,-0.459948372,0.294575876,0.161883774,-0.278179373,-0.816668116,0.200415157,0.111512861
Maliy aktru,50.04,87.74,0.005216725,-0.219181793,0.417785492,-0.501316538,0.223607725,-0.093815214,0.36209442,-0.143880801,0.332960891,0.68209853,-0.731154394,-0.247210264,-0.282718928,-0.359763676,-0.214125817,0.36809123,-0.093793064,0.273506235,0.144946872,0.390696689,0.030073746,0.149527509,-0.432258564,0.076259126,-0.056247956,-0.157929161,-0.137165599,-0.25824555,-0.205590544,-0.307083331,-0.182565081,0.199117273,0.441359684,0.01405828,0.19834015,0.18103484,-0.081866619,-0.138900017,-0.416606527,-0.566758393,0.4343159,0.409496847,-0.175226712,0.054438191,-0.011582427,-0.477558135,-0.935993653,-0.495767256,-0.220615222,-0.261978913,-0.484636318,-0.455576723,-0.333642489,-0.151371798,-0.0985187,-0.195601781,-0.310555761,0.295370321,0.157704693,-0.193454365,-0.613413227,0.185755823,0.123378639
Praviy,50.08,87.73,0.344193636,-0.127646617,0.801365605,-0.305892771,0.668039637,0.169109756,0.779002835,0.068945462,0.685333845,1.242813907,-0.851382705,0.024725902,0.017927178,-0.227887989,0.091903753,0.464759296,0.169096721,0.694116548,0.488534956,0.762710656,0.267613819,0.595181928,-0.218735078,0.454825464,0.202821432,0.008482077,-0.000859481,-0.061429733,-0.109423165,-0.102383025,-0.02186525,0.467868242,0.753672425,0.143473068,0.340895422,0.52500419,0.069786881,-0.081563597,-0.437023894,-0.497969788,0.746547737,0.820344426,0.076681261,0.299357512,0.085593748,-0.413491572,-0.983423074,-0.369203079,0.020277744,0.105837344,-0.380375101,-0.409009028,-0.267430099,0.144794494,0.067225575,-0.012976846,-0.147379451,0.614223582,0.605466754,0.087283509,-0.678764463,0.410574516,0.648320291
Shumskiy,45.08,80.23,-0.044246407,-1.01888987,0.050856796,-0.979029777,-0.463213105,-0.96092808,0.149613017,-0.66987069,0.121246499,-0.902408114,-1.235200171,-0.722802545,-0.216392374,-1.275821883,-0.891631422,-0.54081979,-0.872646242,0.08719291,-0.556130934,-0.40632733,-0.234280152,-0.381416498,-1.28023486,-1.144086485,-0.756394673,-1.253933554,-0.94128578,-0.467487086,-0.756743984,-0.816871994,-1.37214544,-1.008516454,-1.122113667,-0.842628972,-0.707878304,-0.451814264,-0.330552283,-0.824731357,-1.129705207,-1.149015446,-0.46348601,-0.347556918,-0.61720988,-1.111232092,-0.936301984,-1.409802623,-0.895653417,-1.006228417,-1.29509848,-1.295552138,-0.917619746,-0.311672828,-0.78450415,-0.978870396,-0.967204474,-0.607207671,-1.943291405,-0.549277755,-0.391488363,-0.742038019,-1.436223163,-0.6423893,-1.309745146
Muravlev,45.1,80.23,-0.87373951,-1.146918724,-0.570184944,-1.546339992,-1.127733568,-1.141555702,-0.482739452,-1.018809352,-0.441183036,-0.979835412,-1.536651226,-1.135812446,-0.771974596,-1.477698077,-1.429281938,-0.661614015,-1.097690854,-0.554361168,-0.875520788,-0.939786444,-0.48724729,-1.016277432,-1.629931686,-1.460885847,-1.119079778,-1.69521794,-1.358449682,-0.977961144,-1.186186502,-1.236164316,-1.523715145,-1.538211436,-1.567295444,-1.235273648,-1.15736283,-1.212985084,-0.80481885,-1.087054779,-1.498527766,-1.511085562,-0.800056816,-0.746848238,-1.357879744,-1.523973778,-1.338138514,-1.676783118,-1.593572494,-1.398569376,-1.521629082,-1.807326472,-1.4681456,-0.83101867,-1.269396934,-1.575950724,-1.405326696,-1.199761486,-2.303764097,-0.963703164,-1.101539246,-1.352273266,-1.78105772,-1.132838644,-1.761882432
Urumqi No.1,43.11,86.81,-0.01035073,-0.222010119,-0.00644528,-0.342464625,-0.090318328,-0.141987108,-0.098134596,-0.003853891,-0.21819501,-0.014254775,-0.353701273,-0.094921906,-0.143301009,-0.100459191,-0.194220183,0.098101437,0.022908666,0.083172402,-0.232994514,0.089744984,0.056279621,-0.313911893,-0.330429908,-0.160482467,0.263254145,-0.357953213,-0.227928557,0.022935318,-0.474976468,-0.10151785,0.095746315,-0.155168147,-0.08705329,-0.235035653,-0.527819138,-0.379632697,-0.194784462,0.020361584,-0.219050805,-0.124602085,0.010427184,0.134727237,-0.188305482,-0.162378462,-0.003640464,-0.453653441,-0.53640891,-0.68680156,-0.324337604,-0.754877606,-0.915361981,-0.200036557,-0.633252631,-0.498473773,-0.635993208,-0.632500946,-0.663842999,-0.133582892,-1.189101384,-0.970394509,-0.786380163,-0.483814974,-0.350797059
Golubina,42.46,74.49,0.087394601,-0.090522208,0.244820731,-0.408062032,0.082884078,-0.281982867,0.148919545,-0.215012046,-0.005126669,-0.743796372,-0.331627415,-0.137324449,0.086424276,-0.549682544,-0.207375808,0.157161827,-0.105095347,0.536368129,-0.063559852,-0.378155218,0.131491476,-0.467218327,-0.586098138,-0.822666786,-0.570240657,-0.640468531,-0.161852906,-0.037522441,-0.40534264,0.113159815,-0.663146144,-0.482372428,-0.793518824,-0.346190193,-0.449787847,0.309961178,-0.063286838,-0.292522643,-0.603994847,-0.550067949,-0.049038137,-0.358086759,-0.636687045,-0.882420399,-0.481232188,-0.957620496,-0.522985203,-0.577864856,-0.917610775,-0.659163775,-0.156893954,0.15906164,-0.329337068,-0.654817396,-0.634511304,-0.809734397,-1.380901963,-0.266329665,-0.436068471,-0.786242233,-0.941704633,-0.671603965,-1.003038922
Ts.Tuyuksu,43.05,77.08,0.145329039,-0.532709549,0.64050905,-0.778422115,-0.077603788,-0.450375061,0.598676224,-0.372052141,0.11527296,-0.72922305,-0.721094875,-0.196211386,0.160623536,-0.787088726,-0.157450654,0.134560298,-0.334805433,0.675014197,-0.141441037,-0.347124212,0.282061271,-0.09918535,-0.604247151,-0.759306518,-0.301194861,-1.007320195,-0.37420012,0.191675631,-0.391546816,0.131263153,-0.743598991,-0.619339858,-0.948282258,-0.224917577,-0.293489921,0.337066276,0.162603365,-0.187857405,-0.824790073,-1.000654205,0.156824402,-0.062307993,-0.521482046,-1.026552627,-0.351262408,-0.993769036,-0.476026477,-0.299764133,-1.305887351,-1.074312676,0.114369965,0.202456953,-0.438692707,-0.955833353,-0.852848328,-0.84977553,-1.991117065,-0.046852962,-0.361644577,-0.836499078,-1.536460598,-0.640738995,-1.212249978
Igly Tuyuksu,43.05,77.09,-0.195207394,-0.845068554,0.371241797,-1.045722166,-0.435136562,-0.697572248,0.316767497,-0.675598894,-0.17983468,-1.030431249,-0.974396315,-0.488832514,-0.125491994,-1.041271149,-0.515648805,-0.151789313,-0.571970323,0.334378176,-0.383686381,-0.608756776,0.016394725,-0.414177227,-0.873740238,-1.028943571,-0.610459402,-1.289286461,-0.660856817,-0.116674916,-0.668740437,-0.19654398,-1.025552787,-0.910435615,-1.193899089,-0.523386745,-0.584289872,-0.010923494,-0.212382357,-0.482124174,-1.11227559,-1.246078557,-0.145046666,-0.34423056,-0.790633807,-1.250508164,-0.670388462,-1.259187754,-0.828903204,-0.645479971,-1.672105241,-1.337429457,-0.300481532,-0.14547841,-0.810617215,-1.285217272,-1.178122185,-1.189927645,-2.273729528,-0.359565946,-0.680549016,-1.200449068,-1.835267738,-0.95763525,-1.522102186
Molodezhniy,43.05,77.06,-0.443552597,-0.983129318,0.115071989,-1.264071609,-0.691367321,-0.869369838,0.072346062,-0.886147778,-0.442103809,-1.164756591,-1.165285998,-0.720704192,-0.381224842,-1.19578922,-0.834476138,-0.349146111,-0.757679892,0.070060991,-0.601769198,-0.848937181,-0.120564687,-0.648537117,-1.041528419,-1.205558528,-0.806690408,-1.471395147,-0.896929184,-0.342006097,-0.875280234,-0.441372405,-1.123863766,-1.10786339,-1.408982716,-0.757084314,-0.777931276,-0.304020126,-0.47901931,-0.650916959,-1.327701008,-1.416561252,-0.323786761,-0.535167394,-1.040260159,-1.424705918,-0.888581525,-1.484349465,-1.063755947,-0.84344058,-1.766181815,-1.557076794,-0.624601492,-0.333884003,-1.023742803,-1.548596121,-1.360706008,-1.414105961,-2.433123105,-0.62860545,-0.910610521,-1.391498696,-1.97777901,-1.205005357,-1.679426526
Mametova,43.07,77.1,-0.293670461,-0.775499752,0.25711099,-1.073106165,-0.478406591,-0.680318211,0.239659315,-0.710480241,-0.291113717,-0.94916472,-0.973627998,-0.564515541,-0.225064394,-1.004468196,-0.638829068,-0.200424093,-0.620997226,0.204039393,-0.41688451,-0.675115074,0.010700988,-0.523547898,-0.856393622,-1.020749474,-0.599196034,-1.237543711,-0.692511939,-0.187322957,-0.664362551,-0.261711624,-0.933595723,-0.939355318,-1.240662732,-0.598606459,-0.582536734,-0.110927027,-0.294403083,-0.461057379,-1.090768843,-1.22045126,-0.208594358,-0.381453109,-0.879316754,-1.21707347,-0.700678203,-1.28485141,-0.892812983,-0.617752136,-1.539431846,-1.341414498,-0.433023299,-0.179859762,-0.792746697,-1.339884821,-1.128098324,-1.182540215,-2.226728185,-0.458060076,-0.73123913,-1.167705932,-1.748195204,-0.996135621,-1.436610136
Kara-Batkak,42.14,78.27,-0.145351285,-0.323984238,0.358243686,-0.452085486,-0.169003457,-0.070573821,0.173628646,-0.509303592,0.030416234,-0.826714737,-0.458213052,-0.432640848,0.119520727,-0.525567683,-0.529975153,-0.272100049,-0.426622886,0.315406977,-0.35447976,-0.447018499,0.260421692,-0.562713374,-0.36039224,-0.518311699,-0.49311034,-1.181795859,-1.097312153,-0.323229793,-0.777659997,0.170716804,-0.477987999,-0.370192024,-0.965203295,-0.584996271,-0.279341945,0.307757511,-0.187144291,0.009278103,-1.127780862,-0.775563992,-0.042880252,0.002430906,-0.64830038,-1.138161221,-0.669645624,-1.261761025,-0.833257819,-0.426962673,-1.12299199,-1.23174378,-0.293738433,0.166114087,-0.279747443,-0.483626239,-0.635422652,-0.573099396,-1.533321033,0.147911618,-0.209133679,-0.632701199,-1.039661051,-0.68701179,-1.115505105
Sary,41.83,78.17,0.022770417,-0.04893998,0.45896196,-0.255218825,0.050314686,0.095104113,0.240572022,-0.221790249,0.183825379,-0.743022036,-0.240795002,-0.138514334,0.281225639,-0.270066272,-0.166518625,0.190548439,-0.272014058,0.37026952,-0.146307023,-0.326126912,0.38133893,-0.212731178,-0.117266096,-0.477237721,-0.399729175,-1.119683522,-1.039674965,-0.155690994,-0.511942957,0.548583484,-0.354181295,-0.291937543,-0.99960241,-0.49568889,-0.240824585,0.219788084,-0.017463815,-0.280343074,-0.874014467,-0.714855265,-0.306762629,0.149226161,-0.598149238,-0.964474051,-0.860221864,-1.20284155,-0.553755709,-0.283466613,-0.743827564,-0.996086893,-0.038922886,0.270062301,0.163064493,-0.131343487,-0.384577344,-0.378415597,-1.199156596,0.132220444,0.128719144,-0.438990785,-0.799815173,-0.434203579,-1.000051256
Mayakovskiy,43.02,77.11,0.041675564,-0.331058336,0.478426441,-0.784719497,-0.161882837,-0.409824529,0.52340687,-0.376183266,0.00999429,-0.55010797,-0.706899577,-0.296224124,0.071960184,-0.720688253,-0.27921085,0.137473004,-0.352565908,0.564774713,-0.132536673,-0.405036055,0.343604939,-0.21356356,-0.590209972,-0.720631033,-0.277952429,-0.898611267,-0.338801582,0.140472192,-0.337205597,0.076041116,-0.5854584,-0.612149219,-0.965586541,-0.297069852,-0.223155276,0.164373061,0.022637847,-0.173564591,-0.753288445,-0.908850713,0.13812426,-0.091326353,-0.603077915,-0.915435472,-0.355149065,-0.958605274,-0.50504786,-0.235854899,-1.104390686,-0.996775459,-0.075233741,0.189095275,-0.449611405,-0.98564354,-0.798649449,-0.819608929,-1.829377618,-0.152551666,-0.432249258,-0.764120926,-1.340223181,-0.651918243,-1.061226909
Ordzhonikidze,43.06,77.1,0.075315378,-0.399220636,0.512979676,-0.76725425,-0.105132097,-0.420716878,0.540821565,-0.399728847,0.019501936,-0.607716278,-0.702590466,-0.280098002,0.075945001,-0.724597318,-0.247459516,0.119674644,-0.359228257,0.567523525,-0.136904067,-0.389763503,0.316760227,-0.20211491,-0.590621378,-0.720920787,-0.287079608,-0.90613441,-0.360534822,0.145548067,-0.340868254,0.070013628,-0.626783903,-0.613026602,-0.945702129,-0.287940284,-0.230140738,0.229817082,0.046208422,-0.167867175,-0.764783652,-0.927281762,0.114120355,-0.105459163,-0.576759174,-0.925834728,-0.35261414,-0.964327335,-0.50518967,-0.24313927,-1.142703799,-1.010211754,-0.035090821,0.205549571,-0.434504792,-0.97264728,-0.788516894,-0.818335036,-1.84938175,-0.132349489,-0.413273401,-0.778000466,-1.355513262,-0.655658731,-1.06995622
Zoya,43.05,77.07,0.090566179,-0.690235172,0.537707121,-0.885893954,-0.098383331,-0.537321697,0.513406519,-0.565171636,-0.053063587,-0.808854906,-0.842458438,-0.347112501,-0.004802114,-0.869049454,-0.308490402,-0.009976859,-0.482085448,0.562874225,-0.229750376,-0.470102442,0.236081373,-0.302556484,-0.707865259,-0.884346084,-0.431528926,-1.080614573,-0.518772337,0.172771315,-0.465077693,-0.042222014,-0.799380235,-0.77790749,-1.084887176,-0.391763613,-0.302840257,0.288704313,0.000396684,-0.204287485,-0.922675079,-1.122734458,0.05253419,-0.234250081,-0.665694707,-1.115959956,-0.48098656,-1.150754858,-0.651751379,-0.378988617,-1.336668199,-1.225282941,-0.084078385,-0.018468706,-0.528601043,-1.139238006,-0.921495528,-0.981009955,-2.183217682,-0.198720529,-0.492566199,-0.911674846,-1.60336695,-0.831422807,-1.287394008
Visyachiy,43.04,77.08,-0.129138185,-0.955501178,0.429361583,-1.055374865,-0.311943195,-0.721670761,0.370050224,-0.761133873,-0.215850904,-1.123240661,-0.989053623,-0.502427045,-0.171908407,-1.04975372,-0.523558153,-0.229193092,-0.627479339,0.309432644,-0.42248445,-0.625859805,-0.062256295,-0.457137356,-0.880067631,-1.061844773,-0.61035147,-1.296829673,-0.732590612,-0.103787044,-0.709638879,-0.228692834,-0.990257948,-0.953227864,-1.216872776,-0.556558553,-0.630160781,0.106221815,-0.210689594,-0.4320538,-1.149016978,-1.307401307,-0.231562654,-0.395464767,-0.81209502,-1.291334953,-0.679712231,-1.32952036,-0.886906813,-0.643690192,-1.669324525,-1.406618717,-0.309681269,-0.239569706,-0.756282919,-1.331075481,-1.1362088,-1.215738351,-2.378540339,-0.361873666,-0.684185069,-1.242878435,-1.879934962,-1.02780308,-1.509808824
Akshiyrak,41.79,78.15,-0.112824458,-0.077880472,0.284350357,-0.24404076,-0.181768704,0.042308912,0.078822107,-0.270728561,0.00131132,-0.593412518,-0.267978625,-0.188222568,0.132949462,-0.284021137,-0.273441164,0.078463857,-0.280340208,0.175075183,-0.203668151,-0.325928845,0.242402584,-0.30307526,-0.129972312,-0.441970497,-0.399131107,-0.923472004,-0.890624947,-0.255340468,-0.488940944,0.28801143,-0.28837561,-0.372776969,-0.917311589,-0.472508694,-0.293403571,-0.00133239,-0.14448043,-0.269460919,-0.792142836,-0.604367452,-0.281670877,0.04446329,-0.617954178,-0.809617548,-0.659771476,-1.000187608,-0.479063687,-0.340979299,-0.654136361,-0.849311319,-0.218560092,0.107355303,-0.046387674,-0.241329727,-0.425787244,-0.414624127,-1.011194669,-0.010662498,-0.045653424,-0.458666866,-0.746024532,-0.470156814,-0.844262254
Abramov,39.62,71.56,0.063417342,-0.274480922,0.910188868,-0.23675555,-0.544311927,-0.193872738,0.377817034,0.016987852,-0.23515053,-0.951128381,-0.782394439,-0.161291959,0.241124227,-0.666231291,-0.06043017,-0.267084445,-0.334132367,0.744066882,-0.193033894,-0.554752322,0.297684252,-0.88379145,-0.680221468,-0.867851998,-0.402362688,-1.168229017,-0.699650764,-0.508218093,-0.704865876,0.018987352,-0.584428395,-0.416004161,-1.483780834,-0.647971203,-0.831462148,0.314144667,-0.222171354,-0.319628183,-0.897540618,-0.27140516,0.256489306,-0.068930918,-0.469055869,-0.613792344,-0.145319827,-1.076027108,-0.46700893,-0.671451062,-1.038610447,-1.10065358,-0.392249088,-0.08040951,-0.385521574,-0.967674603,-0.792022379,-0.779971352,-1.878045413,-0.366977748,-0.169488843,-1.926054153,-1.34698211,-1.528927559,-1.584943271
Muztag Ata,38.23,75.05,-0.016667691,0.20419648,-0.090797325,-0.089833692,0.399210345,-0.015323609,0.133487566,0.203889024,-0.092626468,-0.091187259,0.399210345,-0.015323609,0.291690551,0.41714285,0.318777895,0.191551705,0.215199315,0.17140412,0.063428425,-0.158809852,0.139047251,-0.260460628,0.349679807,0.314732741,0.007173701,0.070807111,-0.466164436,0.207910124,0.178661182,0.215981019,0.249692573,0.06351652,-0.484486277,0.157162144,0.21355008,0.1721843,0.116034826,0.431464915,-0.151548605,0.113270053,0.261116419,0.305338104,-0.452735952,0.048772711,0.169077482,-0.212744291,0.170492842,0.314982023,0.132166737,0.156649438,0.195926249,-0.037480395,0.475741101,0.30389704,-0.146855079,0.401214034,0.246569303,0.082268908,0.4155042,-0.194721307,0.389956719,-0.391439069,0.159252535
Siachen,35.47,77.04,0.047607606,0.026507985,0.310769068,-0.045256646,0.025237675,0.302603419,0.008034707,-0.051483292,-0.05414317,-0.206899707,-0.145836857,-0.070958204,0.095304608,-0.077796366,0.056870305,0.001601903,-0.202628106,0.076712932,-0.19231515,-0.233123713,0.464999188,0.000569537,0.408678894,0.297984698,-0.033924132,-0.267460032,-0.104524968,-0.185335474,-0.140602848,0.118975693,-0.136743761,0.321291811,-0.367375022,-0.328714492,0.020531272,0.299398083,0.251270873,0.14145972,0.07055776,0.11132088,0.218462844,0.115608309,-0.070088912,-0.159672131,0.487838754,-0.374102827,0.012063717,0.0184722,-0.244018195,-0.376861185,0.098179808,0.057617936,0.155178161,-0.036522585,-0.161295003,-0.104557596,-0.219475223,-0.255134041,0.042493289,-0.380526054,-0.126823618,-0.317226404,-0.211646012
Chorabari,30.76,79.05,-0.357097781,-0.748332689,-0.394838503,-0.341388521,-0.315864163,-0.228488423,-0.661205592,-0.422415727,-0.825026329,-0.865686261,-0.622717876,-0.393381874,-0.545444777,-0.603164477,-0.419135289,-0.478226743,-0.447639895,-0.031155655,-0.66193578,0.120044118,-0.295731061,-0.178489118,-0.196046319,0.133839943,0.214841091,0.13086821,-0.176757747,-0.175678579,-0.177103363,-0.332375925,-0.153630131,0.128849528,-0.420772826,-0.143892818,0.173295077,-0.352963593,-0.203769245,-0.0878039,-0.072806608,-0.391659659,-0.005222039,-0.338830913,-0.590300583,-0.519221712,-0.404611326,-0.361961781,-0.264151939,-0.657312813,-0.3311292,-0.896756074,-0.644901418,-0.493024519,-0.891556271,-0.813127795,-0.882539971,-0.709754507,-0.571196126,-0.777646655,-0.818699011,-0.501510132,-1.052765564,-0.498914434,-0.783291537
Shaune,31.28,78.33,-0.888070777,-1.954736745,-1.327015737,-0.890066217,-1.296689742,-0.632443688,-1.564217535,-0.921431592,-2.042456846,-2.211488445,-1.467083203,-1.193458038,-0.999756136,-0.959907491,-0.921154312,-0.972464002,-1.139297825,-0.882500671,-1.530996672,-0.427349953,-1.316281376,-0.803177854,-0.415158679,0.291649011,0.290083982,0.224823737,-0.702583245,-0.374902255,-1.009802364,-1.085285884,-0.517523643,-0.060895069,-1.101279306,-0.252760169,0.188153444,-0.671967993,-0.299975952,0.120091693,-0.544974065,-0.834095079,0.146018566,-1.05274869,-1.112268942,-1.222520438,-0.692159975,-0.510912555,-0.948908374,-1.508491509,-1.133960303,-1.801732526,-1.777934891,-1.004003896,-1.516393752,-1.299445091,-1.612385079,-1.690852934,-0.824836466,-1.649882153,-1.766965688,-1.628906623,-2.0650797,-1.560321284,-1.437136962
Tipra,30.73,79.68,-0.480057574,-0.931270338,-0.517129592,-0.571216609,-0.386808977,-0.458662894,-0.911130267,-0.694643222,-1.016829275,-1.296797852,-1.018982016,-0.72437303,-0.81600994,-0.805691487,-0.646652894,-0.706506029,-0.569827748,-0.219743641,-0.806905892,-0.162237746,-0.456117398,-0.294361029,-0.233318819,0.049788199,0.187403725,-0.046554089,-0.340481251,-0.346777817,-0.257431835,-0.555532681,-0.352412684,-0.034068365,-0.521982008,-0.293739065,-0.061758901,-0.553557153,-0.43591014,-0.210172745,-0.350223508,-0.501185309,-0.087871589,-0.480018568,-0.836285785,-0.681216963,-0.678779813,-0.573000917,-0.554672592,-0.825947954,-0.542001304,-1.09426306,-0.899326137,-0.833165764,-1.003378699,-1.172153897,-0.949660235,-1.097958323,-0.7883235,-1.003547737,-0.924004863,-0.62255312,-1.360727065,-0.668806631,-1.177726312
Gara,31.4,78.5,-0.711891046,-1.25025514,-0.892464188,-0.604432317,-0.941519693,-0.437337926,-1.045770945,-0.736616557,-1.277637173,-1.364780056,-0.889656971,-0.693210819,-0.731966564,-0.672421427,-0.634068786,-0.669626098,-0.829593873,-0.479498174,-1.127169145,-0.336170424,-0.709401302,-0.65305408,-0.356561024,0.101600211,0.185647704,0.046569521,-0.413055168,-0.265927476,-0.763699738,-0.752615142,-0.331161724,-0.129868199,-0.710230612,-0.357603618,0.089987726,-0.4461269,-0.243487061,-0.005823534,-0.543257055,-0.595710849,0.02932482,-0.637255791,-0.827834218,-0.703749698,-0.52544417,-0.472321715,-0.705835476,-1.007207504,-0.856068239,-1.187455001,-0.959245461,-0.614416684,-1.033572927,-0.836831211,-1.109584996,-1.100940947,-0.510431721,-0.944109248,-1.174870093,-1.139170582,-1.337053722,-1.009910318,-0.855608665
Gor Garang,31.37,78.49,-0.874007011,-1.249100257,-0.90111365,-0.689958925,-1.054016289,-0.360541066,-1.248865422,-0.902878246,-1.252580979,-1.155308416,-0.872381346,-0.649576408,-0.812431668,-0.74248106,-0.642749546,-0.745452856,-0.95763805,-0.346186443,-1.349689835,-0.440033879,-0.518701694,-0.851528346,-0.53396314,-0.182466988,-0.105731234,-0.064914435,-0.479347953,-0.06641926,-0.926254623,-0.726591509,-0.016433012,-0.207435405,-0.80905131,-0.674027764,0.155621904,-0.241817002,-0.365287404,-0.321791928,-0.763775518,-0.764686626,-0.101112208,-0.635283131,-1.077428924,-0.828243006,-0.534106551,-0.61288326,-0.744439246,-1.044353953,-1.061560873,-1.37952813,-0.67741193,-0.570777058,-1.294739452,-0.817770941,-1.302106372,-1.125417941,-0.706772334,-0.939582558,-1.422516756,-1.271839565,-1.473250859,-0.927081477,-0.76371012
Neh Nar,34.16,75.52,-0.590019645,-0.619104727,-0.12051927,-0.602717532,-0.478679287,0.407742448,-0.074574583,-0.314302906,-0.859474932,-1.195341591,-0.5296749,-0.757724525,0.140282049,-0.468913483,0.044274274,-0.463641439,-0.974745807,-0.201954431,-1.265059273,-1.330454009,0.365983855,-0.091804289,0.541016979,0.350014534,-0.578402839,-1.188465598,-0.917489193,-0.366332476,-0.629026055,-0.074095807,-0.224507263,0.660430429,-1.018968323,-1.220946752,0.11248705,0.488246716,-0.085476208,-0.234915689,-0.465344934,-0.311095194,0.085905823,-0.174106261,-0.479927512,-0.431262364,0.816662418,-1.029398746,0.03068568,-0.25683204,-1.319009796,-1.48321094,-0.160782998,-0.192436889,-0.363440807,-0.605873357,-0.73183259,-0.594894403,-0.9034376,-0.334864501,0.08928349,-1.120220093,-0.760636795,-1.026729675,-0.609772613
Kangwure,28.45,85.75,-0.41540707,-0.556164655,-0.041617032,-0.215627498,-0.264541365,-0.782460294,-0.579553689,-0.070455728,-0.369255062,-0.426317325,0.143671222,-0.145300563,-0.245608508,0.10488047,-0.20447682,-0.202654541,-0.090816774,-0.327369768,-0.461851282,-0.031854451,-0.182759658,0.063088457,0.000935521,0.191080951,0.181122015,-0.21161887,-0.056819171,-0.263973647,-0.364055922,-0.481937405,-0.504566092,-0.455175259,-0.138014011,-0.26585245,-0.105130737,-0.265989498,-0.170780898,-0.218529639,-0.639992171,-0.402508466,-0.227629907,-0.561977829,-0.870788054,-0.609310804,-0.097797568,-0.499592356,-0.541363297,-0.294768876,-0.549424357,-0.727087545,-0.633600279,-0.50470893,-0.550670984,-0.65780241,-0.449270208,-0.637252895,-0.184863111,-0.783823887,-1.084720446,-0.464968107,-0.773436748,-0.566099994,-0.217221959
Naimona'nyi,30.45,81.33,-0.315470123,-0.420007415,-0.131290167,0.061452516,0.090383595,-0.110312791,0.026158058,0.000445925,-0.154073043,-0.303047354,-0.300069997,-0.356935872,-0.196645254,0.025118804,0.042787497,-0.127837796,-0.019392675,-0.030581846,-0.146374196,-0.227268118,-0.233214207,-0.133318732,-0.031357062,0.166149722,0.068271564,-0.11475336,-0.041977119,0.096413175,-0.089665295,-0.375228513,-0.059056596,0.065215249,-0.243014438,-0.19170815,0.006985806,-0.190915997,-0.327932055,-0.109371529,-0.261917029,-0.453216467,-0.112177494,-0.371086434,-0.379136901,-0.245694508,-0.423359718,-0.331376041,-0.648134802,-0.276960205,-0.323043571,-0.763886601,-0.367488364,-0.569489702,-0.428449212,-0.527656012,-0.383949197,-0.663682391,-0.730300809,-0.555434097,-0.404086173,-0.530201368,-0.704891423,-0.711434432,-0.469707669
Dunagiri,30.55,79.9,-1.396124716,-1.770440225,-1.44897149,-1.477070782,-1.618172473,-1.172911998,-1.843049252,-1.674615236,-1.973253151,-1.885783009,-1.681912997,-1.300952215,-1.59417867,-1.530614419,-1.450649694,-1.367173855,-1.432116899,-0.978575395,-1.996432064,-0.948063656,-1.401621709,-1.436415737,-1.085698169,-1.025338795,-1.018934124,-0.922603039,-1.581208752,-0.94603948,-1.511843764,-1.40540224,-0.821775154,-0.784579958,-1.565590549,-1.440383316,-0.745908592,-0.991064106,-1.555142255,-1.163974073,-1.17330414,-1.470509467,-0.956525502,-1.361141436,-1.859234185,-1.695602843,-1.399704997,-1.235384281,-1.337678154,-1.742522233,-1.554059051,-2.016020969,-1.59396366,-1.397143484,-1.986644734,-1.796976988,-2.139844683,-1.625999149,-1.892644823,-2.134403745,-1.837610339,-1.904871457,-2.298838375,-1.565532595,-1.735617788
AX010,27.7,86.57,-0.867994098,-1.139938726,-0.509856313,-0.516618715,-0.47195407,-1.038011172,-0.708765978,-0.303405837,0.082468799,0.228621886,0.500432334,-0.033646834,0.151436139,0.225998867,-0.013190328,-0.206036426,0.169439184,-0.581016577,-0.741084298,0.340473428,-0.577538558,-0.034240409,-0.004160745,-0.108812692,0.033671924,-0.557160317,0.098536922,-0.967391974,-0.556686854,-0.993845928,-1.265573017,-1.101872498,-0.408025075,-0.375143219,-0.558427491,-0.824114694,-0.457847364,-0.620973306,-0.697872959,-0.512761727,-0.442577833,-0.823064074,-1.521233199,-1.428655343,-0.225030442,-0.647003653,-1.024766463,-0.685581663,-0.738946824,-1.218584822,-1.023748902,-0.801099598,-0.939169435,-1.098422891,-0.864609274,-1.13351537,-0.63107074,-1.384579541,-1.519507593,-1.103072145,-1.129660057,-0.915618927,-0.297788666
Yala,28.25,85.62,-0.713284715,-0.816308446,-0.687472943,-0.672557653,-0.665978954,-0.95142439,-0.873866707,-0.308688655,-0.53650329,-0.709012646,-0.089945536,-0.296587086,-0.556645499,-0.28805677,-0.466180198,-0.490553413,-0.395176962,-0.564512979,-0.789132742,-0.460691677,-0.403681871,-0.358447765,-0.379663802,-0.304136339,-0.126551227,-0.480719395,-0.266683582,-0.492836138,-0.718861292,-0.656647297,-0.695051358,-0.692886836,-0.391455962,-0.61410261,-0.298469429,-0.564823406,-0.539555686,-0.45749971,-0.829101272,-0.713347618,-0.584975079,-0.800129806,-1.070331196,-0.99554307,-0.524127467,-0.729894579,-0.683494901,-0.705861552,-0.687345772,-0.957905676,-0.772954902,-0.706708123,-0.74528837,-0.763198009,-0.569340266,-0.878309838,-0.53728533,-0.964119526,-1.256887815,-0.800271603,-0.930126882,-0.783211535,-0.411394283
Pokalde,27.9,86.8,-0.289874256,-0.535311694,-0.339923553,-0.355018389,-0.026092374,-0.491345261,-0.248310194,0.08455501,0.379526224,0.366678625,0.739021185,0.194298876,0.230372018,0.059613554,0.174520973,0.071318884,0.390044059,-0.100397278,-0.391853796,0.258295691,-0.159494353,0.049287739,0.215702294,0.227653145,0.015161011,-0.101875293,0.38381088,-0.334917908,-0.017531307,-0.278662474,-0.619336376,-0.596856346,0.022525909,-0.224013684,0.110182605,-0.441483521,-0.282362651,-0.526677621,-0.252184544,-0.339987968,-0.198873688,-0.318972243,-0.861410701,-0.700672528,-0.076283534,-0.19982444,-0.390179375,-0.142285143,-0.04061,-0.747861193,-0.38177737,-0.432208633,-0.323947175,-0.377219139,-0.166407143,-0.576970378,-0.128650606,-0.718496578,-0.852815845,-0.538787489,-0.429059923,-0.255429849,0.23665788
Changmekhangpu,27.95,88.68,-0.151239864,-0.313235477,-0.210071779,-0.097762257,-0.018822681,-0.194806078,-0.401699887,-0.114696158,-0.220386818,-0.55261842,-0.026339799,-0.137391914,-0.276722562,0.084237319,-0.292405111,-0.093128133,-0.091966333,0.045339389,-0.400526493,-0.081203466,0.058543752,-0.181629362,0.139482791,-0.098697086,0.110853738,-0.114057346,0.076876315,-0.254640638,-0.247177233,-0.341402486,-0.555348522,-0.59465922,-0.053437915,-0.218623619,-0.085344734,-0.365648775,-0.222182832,-0.157213671,-0.586127343,-0.27264949,0.058819,-0.250833962,-0.670789733,-0.696243709,-0.098661849,-0.167210622,-0.716129822,-0.252416893,-0.207456765,-0.746662409,-0.400120649,-0.627218356,-0.462142277,-0.670253341,-0.586509646,-0.781704411,-0.382095207,-1.043829187,-0.9245214,-0.733429156,-0.666567121,-0.316405854,-0.062480895
Gurenhekou,30.18,90.46,0.626569944,0.128968852,0.528741605,0.66569895,0.246513517,-0.08395638,-0.27291012,0.085283684,0.058763849,-0.276293718,0.699491005,0.470831688,0.231167959,0.449641508,0.332406317,0.436962366,0.662425902,0.540940801,0.340088821,0.707426607,0.019204747,0.522056018,0.907793377,0.224222313,0.717245382,0.724897332,0.679539606,0.550252134,0.8558667,0.065671505,0.340545622,0.207270454,0.578643989,0.66198043,0.217546251,0.024593001,0.393992389,0.377516184,0.478532869,0.532132305,0.498946074,0.448104593,0.124370864,0.02135153,0.473310459,0.065292369,-0.132513155,0.069988316,0.222557348,0.243699976,0.010268504,0.29680699,0.424701092,-0.395934445,-0.378511085,-0.202584117,0.429693357,-0.67962518,-0.713246756,0.260513548,-0.568301493,-0.199347151,-0.010443069
Parlung No.12,29.3,96.9,-0.697853026,-1.062078644,0.443781103,-0.023669877,-0.603998287,-0.289692189,-1.777616596,-0.846623922,-0.810121188,-1.499410047,0.083291008,-1.31267136,-0.203963714,0.661874203,0.103030776,-0.71412434,-0.300657571,-0.775777826,-0.300902473,-1.593791516,-1.347058111,-0.668785017,0.214356885,-1.524542891,0.012119272,-0.104157555,-0.009009102,-1.262323254,-0.737930809,-1.675417187,-0.539577646,-1.580308704,-1.134191506,0.267927086,-1.475980239,-0.08199817,-0.583818053,-1.082514619,0.605935888,0.08912755,-1.667099443,-0.592383356,-1.986402591,-0.835757045,-0.833330886,-0.01915705,-0.678821527,-0.687939578,-0.387778656,-0.636194571,-1.194215129,-1.14197041,0.173228644,-1.833255016,-1.83495763,-1.077665437,-1.244650181,-2.580894038,-1.540810401,-2.137075347,-1.263217898,-1.445289256,-1.553406077
Parlung No.10,29.28,96.9,0.204646139,-0.16975168,0.787127148,0.615331023,0.237386321,0.318032805,-0.786190245,-0.277392366,0.007229209,-0.638567809,0.461439092,-0.441390641,0.406346847,0.977627901,0.657197223,-0.170536763,0.460962455,0.024701864,0.38994618,-0.58710688,-0.632242066,-0.010867098,0.762548353,-0.684349391,0.532424007,0.449216793,0.556347415,-0.377851906,0.144962947,-0.74331948,0.011673146,-0.67935182,-0.31531499,0.686096891,-0.717406095,0.42326575,0.177507019,-0.187512156,1.076183644,0.712616107,-0.657298199,0.359113997,-1.151643961,0.084931927,0.09837033,0.434778013,0.413230983,0.075123478,0.423295145,0.113919238,-0.286410805,-0.387444332,0.62877211,-0.809381721,-0.908818716,-0.444609155,-0.275294952,-1.509619451,-0.738796306,-1.185691727,-0.442502623,-0.642838188,-0.711753437
Zhadang,30.47,90.63,0.577921984,-0.17050952,0.279553471,0.545700385,0.036895975,-0.062943183,-0.604456039,0.293113907,-0.071297535,-0.663045844,0.767531423,0.688974388,0.158605101,0.372214377,-0.086217048,0.443254804,0.558828391,0.548652398,-0.162251257,0.54718011,-0.47099375,0.303533995,0.97200752,-0.069029404,0.657411963,0.442751847,0.424867071,0.383086533,0.717060622,-0.390450891,0.246895956,-0.207378934,0.545453643,0.46979837,-0.498761636,-0.501024477,0.217515071,0.12620335,0.10406701,0.382059992,0.417480753,0.193646637,0.023190756,-0.640699706,0.354940468,-0.194780333,-0.791513457,-0.649253341,-0.141113678,0.114224279,-0.653706636,0.196306705,0.433642541,-1.306492492,-1.2527338,-0.794444458,0.216337683,-1.746059252,-1.885671244,-0.777583988,-1.579118949,-1.078749855,-0.771471832
Parlung No.94,29.38,96.97,-0.139148384,-0.381468522,0.417130115,0.149377742,-0.047629443,0.040275179,-0.957525755,-0.197094318,-0.339478334,-0.792612014,0.273361469,-0.850630655,-0.00570286,0.681437799,0.630519521,-0.202987629,0.226779788,-0.421420511,0.06221181,-0.814252467,-0.625696038,-0.362788922,0.489854736,-0.920016876,0.33593501,0.351639853,0.284443831,-0.65599367,-0.198018797,-0.931642038,-0.337024249,-0.923276639,-0.511096753,0.534540164,-0.817309205,0.326351302,0.090547644,-0.624774128,1.057566466,0.387478773,-0.937369742,-0.071742271,-1.265735744,-0.254140044,-0.270399598,0.451276474,-0.118945327,-0.283714791,0.293459672,-0.122862728,-0.640139549,-0.74046598,0.292105096,-0.995136775,-1.026260099,-0.504141054,-0.625568624,-1.700140806,-0.717224242,-1.287771394,-0.5828766,-0.73832983,-1.012761796
Parlung No.390,29.35,97.02,-0.10246226,-0.26490489,0.002046898,-0.064945285,0.17079589,0.15439554,-1.072034399,-0.174027081,-0.408468775,-0.559769902,0.00662682,-1.276926113,-0.540889475,0.660926225,0.718637641,0.110704972,0.379382613,-0.678661285,0.065641688,-0.944070391,-0.563030378,-0.526691787,0.378698887,-0.889190366,0.305570827,0.446902251,0.651877976,-0.986268542,-0.143789679,-0.959180436,-0.319884763,-1.285354402,-0.415479499,0.563890874,-0.929808554,0.31899769,0.352236746,-0.735800316,1.256329238,0.36403549,-1.089135581,-0.168904346,-1.437997819,-0.248073451,-0.102831426,0.718260863,-0.43803267,-0.311017282,0.435724864,0.34087271,-0.502937814,-0.944445029,0.421066112,-1.028816773,-1.110662278,-0.500389554,-0.869206938,-1.830649689,-0.828426178,-1.172235164,-0.723133929,-0.712386747,-1.401836501
Xiaodongkemadi,33.17,92.13,-0.223251547,0.074052888,-0.067939359,0.180852937,0.008584844,0.190098318,-0.033753928,-0.083232721,-0.089765559,-0.361092853,0.073935125,-0.03447133,-0.011955282,0.38869141,-0.497974965,0.02350896,0.335460627,0.199533472,-0.106023776,0.157992289,-0.69317591,0.046746084,0.248997236,0.040116626,0.4171628,0.047065516,0.018561768,0.150670228,0.18464803,-0.561313556,0.098905276,0.273420057,0.139794739,0.15521864,-0.058903681,-0.484765462,-0.469335975,-0.105408165,-0.129843787,-0.061546145,0.258161556,0.255699861,-0.252622171,-0.196211791,-0.163203008,-0.373408487,-0.696058627,-0.494814246,-0.334705666,-0.207840109,-0.33033054,-0.138500488,-0.196362625,-0.565928868,-0.805437315,-0.443788506,0.060606045,-0.417722443,-0.832625819,-0.132233956,-0.53087953,-1.046699549,0.000258835
Meikuang,35.75,94.3,-0.35248048,-0.175304435,-0.213442798,-0.071289604,-0.142941776,-0.203091044,-0.247250781,-0.194361105,-0.160593971,-0.414891422,-0.11930117,-0.210354975,-0.040710898,-0.137490478,-0.314962652,0.022675128,-0.020632481,-0.155599029,-0.167345865,-0.316574236,-0.503131408,-0.288951431,-0.244112493,-0.240960276,0.222451283,-0.046324769,-0.219121115,0.061841681,-0.12146842,-0.61125737,-0.036519823,0.016320569,0.037152737,-0.156845957,-0.105163456,-0.295520321,-0.33400286,-0.067738606,-0.262179892,-0.331334098,0.217788531,0.014170431,-0.200527956,-0.14136092,-0.328962331,-0.285694712,-0.511242788,-0.579240768,-0.449373598,-0.340272638,-0.382255776,-0.280310309,-0.305088803,-0.314018877,-0.506420046,-0.161330651,-0.118226815,-0.304678339,-0.485420098,-0.15696735,-0.338707153,-0.685002053,-0.195849993
Qiyi,39.24,97.75,-0.425569367,-0.842427036,-0.472089451,-0.509308083,-0.40479785,-0.525556281,-0.058568077,-0.411226302,-0.386994353,-0.271368398,-0.412245189,-0.302472398,0.100433092,-0.113061364,0.068192526,0.219060376,0.010075975,0.090523517,-0.202587509,-0.126003715,0.05737163,-0.184011819,-0.029751312,-0.082529913,0.260044448,0.010305313,-0.224317121,0.345062709,-0.078170229,-0.073102583,0.171268567,0.209880464,0.194807798,-0.19624863,-0.179949779,-0.105693101,-0.153793186,-0.0731781,-0.083432934,-0.155466895,0.158439576,0.300345389,-0.4245732,-0.069963098,-0.175509774,-0.367110203,-0.422082692,-0.5563505,-0.543267504,-0.685787688,-0.394595679,-0.160941688,-0.293883646,-0.442221378,-0.416600578,-0.180793883,-0.308726754,-0.282950638,-0.573200029,-0.460220881,-0.281810003,-0.213215446,-0.131936666
Yanglonghe No.5,39.23,98.57,-0.187311653,-0.566762117,-0.245227668,-0.348949768,-0.287815047,-0.28983616,0.128239257,-0.163618331,-0.188793523,-0.203868677,-0.18116474,-0.096253515,0.37702857,-0.001021631,-0.013526655,0.336391741,0.056742862,0.229199756,-0.082428961,-0.067517256,0.06913612,-0.02828289,0.068986049,0.02473427,0.346209754,0.12847538,-0.139147775,0.325079929,0.110471676,-0.206412246,0.325011485,0.256441058,0.31174626,-0.006414311,-0.023493319,0.117415277,0.073041151,0.007397567,0.020918385,-0.212041137,0.064816296,0.335849713,-0.20836044,-0.112874463,-0.032648856,-0.3698415,-0.35672537,-0.438675381,-0.28370661,-0.508741629,-0.287454317,-0.198371329,-0.193248186,-0.404915191,-0.279658273,-0.078432608,-0.325676124,-0.146092352,-0.28207445,-0.423722684,-0.369456487,-0.068087787,0.04638319
Baishui Glacier No.1,27.104,100.187,0.528247225,0.36512925,-0.865287619,0.331105974,0.342865994,-0.235474575,-0.916164708,-0.795805287,-0.910941532,-0.721844465,0.474100495,-0.413037885,-0.762832941,0.707082393,0.287352192,-0.982804784,0.41306892,-1.150066981,-0.686630624,-0.042574803,-0.576172747,-0.860992832,0.499571562,-0.169070291,0.374296736,-0.5629136,1.182420743,-1.432577006,0.502227341,-0.734074441,-1.295049087,-1.634312363,-0.191154905,0.188435853,-0.715055515,-0.275107107,-1.294977909,-0.120423386,0.900186341,-0.210248308,-0.377010085,-0.078072088,-1.028329639,-0.487390844,-0.644036598,-0.452437046,-1.078805218,-0.476551005,-0.307401374,-0.192336469,0.314251681,-1.295556766,0.117471756,-1.771942983,-1.274168,-0.552709357,-0.534147315,-1.438567539,-1.614881333,-1.148910852,-1.672174259,-1.326139784,-2.176631365